user_id,Data Science Fundamentals,Deep Learning Essentials,Machine Learning 101,Python Basics
1,1.188160262594006e-16,1.4004925768270925e-16,-0.9999999999999997,0.9999999999999992
2,2.3365878246356267e-17,0.5,-6.975931190793703e-17,-0.49999999999999967
3,0.4999999999999999,-5.2417475083460247e-17,-0.5,-1.4554266523775354e-16
4,2.3365878246356267e-17,0.5,-6.975931190793703e-17,-0.49999999999999967
